iso2,iso3,year,g_co2_per_kwh,t_co2_per_mwh
AW,ABW,2024,550.0,0.55
AF,AFG,2024,131.31,0.1313
AO,AGO,2024,185.38,0.1854
AL,ALB,2024,25.18,0.0252
AE,ARE,2024,467.51,0.4675
AR,ARG,2025,346.0,0.346
AM,ARM,2025,211.93,0.2119
AS,ASM,2024,611.11,0.6111
AG,ATG,2024,594.6,0.5946
AU,AUS,2025,525.18,0.5252
AT,AUT,2025,116.91,0.1169
AZ,AZE,2025,631.9,0.6319
BI,BDI,2024,183.67,0.1837
BE,BEL,2025,149.82,0.1498
BJ,BEN,2024,584.16,0.5842
BF,BFA,2024,562.13,0.5621
BD,BGD,2025,696.13,0.6961
BG,BGR,2025,275.55,0.2756
BH,BHR,2024,902.24,0.9022
BS,BHS,2024,653.33,0.6533
BA,BIH,2025,570.64,0.5706
BY,BLR,2025,309.25,0.3093
BZ,BLZ,2024,170.21,0.1702
BM,BMU,2024,639.34,0.6393
BO,BOL,2025,481.29,0.4813
BR,BRA,2025,109.95,0.11
BB,BRB,2024,594.6,0.5946
BN,BRN,2024,892.09,0.8921
BT,BTN,2024,23.64,0.0236
BW,BWA,2024,851.31,0.8513
CF,CAF,2023,0.0,0.0
CA,CAN,2025,190.72,0.1907
CH,CHE,2025,39.22,0.0392
CL,CHL,2025,289.49,0.2895
CN,CHN,2025,525.34,0.5253
CI,CIV,2024,405.01,0.405
CM,CMR,2024,225.9,0.2259
CD,COD,2024,27.64,0.0276
CG,COG,2024,716.12,0.7161
CK,COK,2024,250.0,0.25
CO,COL,2025,186.81,0.1868
KM,COM,2023,642.86,0.6429
CV,CPV,2024,461.54,0.4615
CR,CRI,2025,24.2,0.0242
CU,CUB,2024,642.82,0.6428
KY,CYM,2024,633.8,0.6338
CY,CYP,2025,489.0,0.489
CZ,CZE,2025,401.46,0.4015
DE,DEU,2025,329.65,0.3296
DJ,DJI,2024,450.0,0.45
DM,DMA,2023,600.0,0.6
DK,DNK,2025,114.41,0.1144
DO,DOM,2025,537.48,0.5375
DZ,DZA,2024,632.94,0.6329
EC,ECU,2025,159.02,0.159
EG,EGY,2025,563.23,0.5632
ER,ERI,2024,577.78,0.5778
EH,ESH,2009,666.67,0.6667
ES,ESP,2025,153.6,0.1536
EE,EST,2025,319.15,0.3191
ET,ETH,2025,23.08,0.0231
FI,FIN,2025,57.47,0.0575
FJ,FJI,2024,278.26,0.2783
FK,FLK,2023,1000.0,1.0
FR,FRA,2025,41.44,0.0414
FO,FRO,2023,346.94,0.3469
GA,GAB,2024,523.08,0.5231
GB,GBR,2025,217.41,0.2174
GE,GEO,2025,145.93,0.1459
GH,GHA,2024,468.89,0.4689
GI,GIB,2024,590.91,0.5909
GN,GIN,2024,181.14,0.1811
GP,GLP,2023,497.01,0.497
GM,GMB,2024,666.67,0.6667
GW,GNB,2024,625.0,0.625
GQ,GNQ,2024,644.3,0.6443
GR,GRC,2025,315.09,0.3151
GD,GRD,2024,666.67,0.6667
GL,GRL,2024,150.0,0.15
GT,GTM,2024,301.46,0.3015
GF,GUF,2023,244.9,0.2449
GU,GUM,2024,607.53,0.6075
GY,GUY,2024,644.93,0.6449
HK,HKG,2024,675.48,0.6755
HN,HND,2024,322.12,0.3221
HR,HRV,2025,158.5,0.1585
HT,HTI,2024,534.88,0.5349
HU,HUN,2025,163.02,0.163
ID,IDN,2024,680.25,0.6803
IN,IND,2025,670.13,0.6701
IE,IRL,2025,256.54,0.2565
IR,IRN,2025,659.53,0.6595
IQ,IRQ,2024,683.1,0.6831
IS,ISL,2024,27.82,0.0278
IL,ISR,2025,492.69,0.4927
IT,ITA,2025,284.78,0.2848
JM,JAM,2024,563.01,0.563
JO,JOR,2024,529.79,0.5298
JP,JPN,2025,477.26,0.4773
KZ,KAZ,2025,805.32,0.8053
KE,KEN,2025,95.44,0.0954
KG,KGZ,2025,152.73,0.1527
KH,KHM,2025,498.87,0.4989
KI,KIR,2024,500.0,0.5
KN,KNA,2024,608.7,0.6087
KR,KOR,2025,417.06,0.4171
KW,KWT,2025,635.31,0.6353
LA,LAO,2024,232.08,0.2321
LB,LBN,2024,389.51,0.3895
LR,LBR,2024,315.79,0.3158
LY,LBY,2024,826.83,0.8268
LC,LCA,2024,650.0,0.65
LK,LKA,2025,329.28,0.3293
LS,LSO,2022,20.83,0.0208
LT,LTU,2025,138.36,0.1384
LU,LUX,2025,123.38,0.1234
LV,LVA,2025,138.76,0.1388
MO,MAC,2024,474.36,0.4744
MA,MAR,2025,596.4,0.5964
MD,MDA,2025,633.12,0.6331
MG,MDG,2024,432.1,0.4321
MV,MDV,2024,611.77,0.6118
MX,MEX,2025,474.02,0.474
MK,MKD,2025,441.35,0.4414
ML,MLI,2024,538.59,0.5386
MT,MLT,2025,484.02,0.484
MM,MMR,2024,502.99,0.503
ME,MNE,2025,264.23,0.2642
MN,MNG,2025,816.31,0.8163
MZ,MOZ,2024,129.36,0.1294
MR,MRT,2024,512.08,0.5121
MS,MSR,2024,1000.0,1.0
MQ,MTQ,2023,529.8,0.5298
MU,MUS,2024,642.23,0.6422
MW,MWI,2024,54.65,0.0546
MY,MYS,2025,601.97,0.602
NA,NAM,2024,48.78,0.0488
NC,NCL,2024,560.9,0.5609
NE,NER,2024,673.68,0.6737
NG,NGA,2025,455.71,0.4557
NI,NIC,2024,300.89,0.3009
NL,NLD,2025,253.56,0.2536
NO,NOR,2025,28.11,0.0281
NP,NPL,2024,24.26,0.0243
NR,NRU,2024,600.0,0.6
NZ,NZL,2025,92.76,0.0928
OM,OMN,2025,544.47,0.5445
PK,PAK,2025,346.56,0.3466
PA,PAN,2024,221.15,0.2212
PE,PER,2025,238.25,0.2382
PH,PHL,2025,588.29,0.5883
PG,PNG,2024,513.74,0.5137
PL,POL,2025,588.6,0.5886
PR,PRI,2025,654.66,0.6547
KP,PRK,2024,340.59,0.3406
PT,PRT,2025,127.91,0.1279
PY,PRY,2025,24.7,0.0247
PS,PSE,2024,414.14,0.4141
PF,PYF,2024,430.56,0.4306
QA,QAT,2025,581.52,0.5815
RE,REU,2023,394.14,0.3941
RO,ROU,2025,250.75,0.2507
RU,RUS,2025,449.73,0.4497
RW,RWA,2024,353.98,0.354
SA,SAU,2024,691.95,0.692
SD,SDN,2024,153.69,0.1537
SN,SEN,2024,539.97,0.54
SG,SGP,2025,497.09,0.4971
SH,SHN,2023,1000.0,1.0
SB,SLB,2024,636.36,0.6364
SL,SLE,2024,47.62,0.0476
SV,SLV,2025,139.32,0.1393
SO,SOM,2024,511.63,0.5116
PM,SPM,2023,600.0,0.6
RS,SRB,2025,695.8,0.6958
SS,SSD,2024,642.86,0.6429
ST,STP,2023,555.56,0.5556
SR,SUR,2024,321.84,0.3218
SK,SVK,2025,94.85,0.0948
SI,SVN,2025,183.29,0.1833
SE,SWE,2025,35.26,0.0353
SZ,SWZ,2024,131.15,0.1312
SC,SYC,2024,555.56,0.5556
SY,SYR,2024,706.19,0.7062
TC,TCA,2024,629.63,0.6296
TD,TCD,2024,621.62,0.6216
TG,TGO,2024,422.54,0.4225
TH,THA,2025,545.74,0.5457
TJ,TJK,2025,72.56,0.0726
TM,TKM,2024,1306.27,1.3063
TL,TLS,2024,666.67,0.6667
TO,TON,2024,571.43,0.5714
TT,TTO,2024,681.68,0.6817
TN,TUN,2025,560.29,0.5603
TR,TUR,2025,474.74,0.4747
TW,TWN,2025,633.21,0.6332
TZ,TZA,2024,345.02,0.345
UG,UGA,2024,58.52,0.0585
UA,UKR,2022,250.47,0.2505
UY,URY,2025,80.4,0.0804
US,USA,2025,384.4,0.3844
UZ,UZB,2025,1000.0,1.0
VC,VCT,2024,600.0,0.6
VE,VEN,2024,85.86,0.0859
VG,VGB,2023,647.06,0.6471
VI,VIR,2023,632.35,0.6323
VN,VNM,2025,460.73,0.4607
VU,VUT,2023,500.0,0.5
WS,WSM,2024,375.0,0.375
YE,YEM,2024,592.38,0.5924
ZA,ZAF,2025,699.29,0.6993
ZM,ZMB,2024,119.68,0.1197
ZW,ZWE,2024,384.02,0.384
