iso2,iso3,year,kwh_per_capita_year
AW,ABW,2024,9252.7
AF,AFG,2024,23.2
AO,AGO,2024,411.5
AL,ALB,2024,2987.4
AE,ARE,2024,16074.9
AR,ARG,2025,3340.1
AM,ARM,2025,3292.3
AS,ASM,2024,3846.8
AG,ATG,2024,3945.3
AU,AUS,2025,10615.4
AT,AUT,2025,8034.2
AZ,AZE,2025,2701.6
BI,BDI,2024,34.9
BE,BEL,2025,6198.9
BJ,BEN,2024,69.8
BF,BFA,2024,71.8
BD,BGD,2025,588.5
BG,BGR,2025,5653.4
BH,BHR,2024,23614.6
BS,BHS,2024,5607.0
BA,BIH,2025,4598.6
BY,BLR,2025,5153.6
BZ,BLZ,2024,1126.9
BM,BMU,2024,9434.0
BO,BOL,2025,1083.3
BR,BRA,2025,3526.7
BB,BRB,2024,3929.5
BN,BRN,2024,12015.5
BT,BTN,2024,13897.1
BW,BWA,2024,1360.5
CF,CAF,2023,27.2
CA,CAN,2025,16259.5
CH,CHE,2025,7250.7
CL,CHL,2025,4456.2
CN,CHN,2025,7473.6
CI,CIV,2024,337.9
CM,CMR,2024,249.3
CD,COD,2024,145.7
CG,COG,2024,862.2
CK,COK,2024,2909.1
CO,COL,2025,1691.3
KM,COM,2023,164.6
CV,CPV,2024,990.7
CR,CRI,2025,2486.0
CU,CUB,2024,1769.6
KY,CYM,2024,9533.3
CY,CYP,2025,4311.5
CZ,CZE,2025,7116.4
DE,DEU,2025,5952.7
DJ,DJI,2024,171.1
DM,DMA,2023,2254.6
DK,DNK,2025,5547.7
DO,DOM,2025,1968.7
DZ,DZA,2024,2058.3
EC,ECU,2025,2001.1
EG,EGY,2025,2075.8
ER,ERI,2024,127.3
EH,ESH,2009,227.9
ES,ESP,2025,6011.5
EE,EST,2025,4545.3
ET,ETH,2025,246.3
FI,FIN,2025,14635.5
FJ,FJI,2024,1238.2
FK,FLK,2023,2858.8
FR,FRA,2025,8551.7
FO,FRO,2023,8951.7
GA,GAB,2024,1024.0
GB,GBR,2025,4202.8
GE,GEO,2025,3546.4
GH,GHA,2024,705.0
GI,GIB,2024,5590.7
GN,GIN,2024,273.1
GP,GLP,2023,4435.4
GM,GMB,2024,184.8
GW,GNB,2024,36.3
GQ,GNQ,2024,787.3
GR,GRC,2025,5862.9
GD,GRD,2024,2047.5
GL,GRL,2024,10740.4
GT,GTM,2024,857.9
GF,GUF,2023,3230.0
GU,GUM,2024,11085.3
GY,GUY,2024,1660.5
HK,HKG,2024,5049.3
HN,HND,2024,1152.8
HR,HRV,2025,3820.0
HT,HTI,2024,73.1
HU,HUN,2025,4177.6
ID,IDN,2024,1310.6
IN,IND,2025,1422.0
IE,IRL,2025,5830.8
IR,IRN,2025,4282.5
IQ,IRQ,2024,3252.0
IS,ISL,2024,48423.5
IL,ISR,2025,8626.5
IT,ITA,2025,4475.3
JM,JAM,2024,1732.9
JO,JOR,2024,2048.8
JP,JPN,2025,8365.8
KZ,KAZ,2025,5934.2
KE,KEN,2025,244.0
KG,KGZ,2025,2163.1
KH,KHM,2025,995.1
KI,KIR,2024,297.4
KN,KNA,2024,4907.5
KR,KOR,2025,12090.1
KW,KWT,2025,18402.0
LA,LAO,2024,6732.5
LB,LBN,2024,919.7
LR,LBR,2024,101.6
LY,LBY,2024,4686.3
LC,LCA,2024,2225.3
LK,LKA,2025,742.6
LS,LSO,2024,0.0
LT,LTU,2025,3141.2
LU,LUX,2025,2263.2
LV,LVA,2025,3382.7
MO,MAC,2024,1082.9
MA,MAR,2025,1157.9
MD,MDA,2025,2056.0
MG,MDG,2024,76.0
MV,MDV,2024,1610.5
MX,MEX,2025,2705.4
MK,MKD,2025,3760.1
ML,MLI,2024,243.5
MT,MLT,2025,4015.4
MM,MMR,2024,398.3
ME,MNE,2025,3887.9
MN,MNG,2025,2755.1
MZ,MOZ,2024,571.4
MR,MRT,2024,400.4
MS,MSR,2024,2265.5
MQ,MTQ,2023,4364.1
MU,MUS,2024,2682.6
MW,MWI,2024,84.5
MY,MYS,2025,5589.3
NA,NAM,2024,541.2
NC,NCL,2024,10661.0
NE,NER,2024,35.1
NG,NGA,2025,174.9
NI,NIC,2024,653.5
NU,NIU,2023,0.0
NL,NLD,2025,7356.0
NO,NOR,2025,28598.2
NP,NPL,2024,375.4
NR,NRU,2024,4177.8
NZ,NZL,2025,8252.3
OM,OMN,2025,9616.5
PK,PAK,2025,764.2
PA,PAN,2024,2974.2
PE,PER,2025,1748.0
PH,PHL,2025,1054.2
PG,PNG,2024,447.2
PL,POL,2025,4542.6
PR,PRI,2025,6265.3
KP,PRK,2024,1022.7
PT,PRT,2025,4910.8
PY,PRY,2025,6466.5
PS,PSE,2024,180.1
PF,PYF,2024,2554.9
QA,QAT,2025,18030.2
RE,REU,2023,3509.0
RO,ROU,2025,2634.2
RU,RUS,2025,8283.4
RW,RWA,2024,79.3
SA,SAU,2024,13386.4
SD,SDN,2024,292.8
SN,SEN,2024,412.4
SG,SGP,2025,10245.7
SH,SHN,2023,1881.1
SB,SLB,2024,134.3
SL,SLE,2024,24.3
SV,SLV,2025,1014.8
SO,SOM,2024,22.6
PM,SPM,2023,8761.2
RS,SRB,2025,5474.6
SS,SSD,2024,46.9
ST,STP,2023,389.8
SR,SUR,2024,2742.6
SK,SVK,2025,5315.2
SI,SVN,2025,7009.7
SE,SWE,2025,16019.1
SZ,SWZ,2024,490.8
SC,SYC,2024,4830.0
SY,SYR,2024,1008.4
TC,TCA,2024,5798.6
TD,TCD,2024,18.2
TG,TGO,2024,84.5
TH,THA,2025,2628.3
TJ,TJK,2025,2287.1
TM,TKM,2024,4404.6
TL,TLS,2024,364.1
TO,TON,2024,671.8
TT,TTO,2024,6333.8
TN,TUN,2025,1806.7
TR,TUR,2025,4035.6
TW,TWN,2025,12477.5
TZ,TZA,2024,128.9
UG,UGA,2024,116.2
UA,UKR,2022,2716.5
UY,URY,2025,3527.7
US,USA,2025,13015.0
UZ,UZB,2025,2339.9
VC,VCT,2024,1490.6
VE,VEN,2024,2820.9
VG,VGB,2023,4358.0
VI,VIR,2023,7933.5
VN,VNM,2025,3051.1
VU,VUT,2023,249.7
WS,WSM,2024,733.8
YE,YEM,2024,129.4
ZA,ZAF,2025,3749.3
ZM,ZMB,2024,925.2
ZW,ZWE,2024,616.8
